{"train_loss": 0.4233347177505493, "_runtime": 146, "_timestamp": 1636687299, "_step": 5474, "val_loss": 0.4319441020488739, "_wandb": {"runtime": 147}}