{"train_loss": 0.010894078761339188, "_runtime": 146, "_timestamp": 1636685908, "_step": 5474, "val_loss": 0.022570831701159477, "_wandb": {"runtime": 147}}