{"train_loss": 0.29841348528862, "train_step": 647, "val_loss": 0.4339126944541931, "val_step": 220, "_runtime": 75, "_timestamp": 1636686847, "_step": 2, "_wandb": {"runtime": 74}}