{"train_loss": 0.44044139981269836, "_runtime": 160, "_timestamp": 1637308111, "_step": 5474, "val_loss": 0.0033559047151356936, "_wandb": {"runtime": 161}}